Company Name,Theme,Source URL
DocMorris,earnings_call_digital,https://ir-corporate.docmorris.com/en/news/docmorris-achieves-2025-targets-focus-on-profitability-growth-and-expansion-of-digital-health-platform/ff800c20-fe85-4b51-bec5-22e3fe84c60d
Recordati S.p.A.,earnings_call_digital,https://d2e3isjppdvvam.cloudfront.net/wp-content/uploads/2026/05/14112834/Recordati-Q1-2026-Transcript.pdf
Redcare Pharmacy,earnings_call_digital,https://ir-api.eqs.com/storage/ir/d8c141/documents/1e1277fc-2845-4bdd-81e5-29ab6109e03a/RedcarePharmacy-Q12026-EarningsCall_May-final.pdf
Eurofins,ma_expansion,https://www.businesswire.com/news/home/20260128773031/en/Eurofins-Delivers-FY-2025-Objectives-with-a-24-EPS-Growth-Accelerating-Organic-Revenue-Growth-Margin-Expansion-and-Higher-Free-Cash-Flow-and-Confirms-Its-2027-Objectives
Evotec SE,earnings_call_digital,https://www.evotec.com/uploads/download-files/IR-ESG/2024/Annual-Report-2024-English.pdf
ALK-Abelló A/S,earnings_call_digital,https://ir.alk-abello.com/static-files/6b817207-e7d3-42a8-b0cf-60fb28792691
H. Lundbeck A/S,earnings_call_digital,https://www.lundbeck.com/content/dam/lundbeck-com/masters/global-site/annual-reporting/2024/Lundbeck_Annual_Report_2024.pdf.coredownload.pdf
UCB Biopharma SRL,earnings_call_digital,https://www.ucb.com/sites/default/files/2025-02/ucb_iar_2024_eng_final_0.pdf
Galapagos NV,earnings_call_digital,https://reports.glpg.com/annual-report-2025/en/_assets/downloads/entire-glpg-ar25.pdf
EMD Serono,hiring,https://www.biospace.com/biospace-layoff-tracker
WBA (Walgreens Boots Alliance),earnings_call_digital,https://www.businesswire.com/news/home/20240202994405/en/WBA-Walgreens-Boots-Alliance-Digital-Transformation-Strategies-Report-2023-Technology-Focus-and-Initiatives-Partnerships-Investment-Acquisition-Network-Map-ICT-Budget-and-Contracts---ResearchAndMarkets.com
Santhera Pharmaceuticals,leadership_change,https://www.biospace.com/press-releases/santhera-appoints-marc-clausse-as-chief-commercial-officer-to-lead-next-phase-of-growth
PharmaRelations,leadership_change,https://nordiclifescience.org/pharmarelations-appoints-new-cdo-and-evp-denmark/
Olympus Corporation,leadership_change,https://www.olympus-global.com/news/2025/nr02845.html
Single Use Support,leadership_change,https://www.contractpharma.com/breaking-news/single-use-support-appoints-davy-de-wilde-as-chief-commercial-officer/
ABIONYX Pharma,leadership_change,https://infomeddnews.com/abionyx-pharma-announces-the-appointment-of-laurent-guerci-as-chief-digital-innovation-officer/
FUJIFILM Biotechnologies,leadership_change,https://fujifilmbiotechnologies.fujifilm.com/about/news/fujifilm-biotechnologies-appoints-christiane-bardroff-chief-business-officer/
eXmoor,leadership_change,https://www.ibcomms.agency/releases23/exmoor-appoints-matthew-paterson-as-first-chief-commercial-officer
ProPharma,leadership_change,https://www.prnewswire.com/news-releases/propharma-appoints-adrian-pencak-as-chief-commercial-officer-302782437.html
VERAXA Biotech AG,leadership_change,https://kommunikasjon.ntb.no/pressemelding/18989644/veraxa-biotech-ag-appoints-carl-von-halem-as-interim-chief-financial-officer-and-successor-to-torsten-burgermeister?publisherId=4954260&lang=en
ViCentra,leadership_change,https://www.manilatimes.net/2026/07/14/tmt-newswire/globenewswire/vicentra-appoints-ian-wells-as-chief-financial-officer-and-adds-medtech-veteran-tom-west-to-its-board/2383850
Precision Health Holdings,leadership_change,https://www.globenewswire.com/news-release/2026/01/27/3226129/0/en/precision-health-holdings-appoints-emma-rooth-as-chief-executive-officer-of-pcca-uk.html
Syngene International Limited,leadership_change,https://hrtoday.in/abhijit-zutshi-appointed-as-chief-commercial-officer-at-syngene-international-limited/
Frontier Scientific,leadership_change,https://www.contractpharma.com/breaking-news/frontier-scientific-appoints-chief-commercial-officer/
FairJourney Biologics,leadership_change,https://www.biospace.com/press-releases/fairjourney-biologics-appoints-dr-werner-lanthaler-as-chief-executive-officer
Avid Bioservices,leadership_change,https://www.prnewswire.com/news-releases/avid-bioservices-appoints-kerri-mccullough-wood-as-chief-commercial-officer-302768476.html
Veranova,leadership_change,https://www.contractpharma.com/breaking-news/veranova-appoints-senior-vice-president-chief-commercial-officer/
Neurvati Neurosciences,leadership_change,https://www.contractpharma.com/breaking-news/neurvati-neurosciences-appoints-new-chief-commercial-officer/
TMRW Life Sciences,leadership_change,https://www.prnewswire.com/news-releases/tmrw-life-sciences-appoints-tara-comonte-as-chief-executive-officer-301257926.html
MilliporeSigma,leadership_change,https://hrtoday.in/rajeev-nair-appointed-as-chief-commercial-officer-at-milliporesigma/
Clinilabs,leadership_change,https://www.biospace.com/press-releases/clinilabs-establishes-eu-headquarters-in-basel-strengthening-european-clinical-operations-under-new-regional-leadership
Genopore,leadership_change,https://www.globenewswire.com/news-release/2026/07/14/3326970/0/en/genopore-appoints-rey-mali-as-chief-executive-officer-to-accelerate-growth-of-the-pioneering-protein-identification-company.html
Sciensus,leadership_change,https://www.news-medical.net/news/20241018/Sciensus-names-Christian-Tucat-as-Chief-Executive-Officer.aspx
ATCC,leadership_change,https://www.biospace.com/press-releases/atcc-appoints-dr-ruth-cheng-as-new-president-and-chief-executive-officer
West,leadership_change,https://markets.ft.com/data/announce/detail?dockey=600-202606011630PR_NEWS_USPRX____NE73015-1
Capricorn Scientific,leadership_change,https://www.contractpharma.com/breaking-news/capricorn-scientific-plans-new-logistics-hub-in-germany/
CNX Therapeutics,leadership_change,https://pmlive.com/pharma_appointments/cnx-therapeutics-appoints-david-flint-as-chief-corporate-development-officer/
Orifarm,leadership_change,https://medwatch.com/News/Pharma___Biotech/article18889514.ece
Berkeley Lights,leadership_change,https://www.synbiobeta.com/read/berkeley-lights-announces-appointment-of-dr-siddhartha-kadia-as-chief-executive-officer
Phagenesis,leadership_change,https://www.biospace.com/press-releases/phagenesis-appoints-chad-hoskins-as-chief-executive-officer-following-recent-close-of-42m-series-d-financing
Velsera,leadership_change,https://www.biospace.com/velsera-announces-appointment-of-jamie-littlejohns-as-new-chief-executive-officer
Capsida Biotherapeutics,leadership_change,https://medwatch.com/article13537673.ece
Signant Health,leadership_change,https://www.prnewswire.co.uk/news-releases/signant-health-appoints-20-year-life-sciences-veteran-paul-richmond-to-executive-leadership-team-as-chief-commercial-officer-302195379.html
TCG Lifesciences,leadership_change,https://www.biospace.com/tcg-lifesciences-appoints-boehringer-s-chris-h-senanayake-as-chief-scientific-officer
KBI Biopharma,leadership_change,https://kommunikasjon.ntb.no/pressemelding/18062785/kbi-biopharma-strengthens-quality-and-regulatory-affairs-expertise-with-appointment-of-chief-quality-officer?publisherId=90063
Arcera Life Sciences,leadership_change,https://hrtoday.in/antonio-calco-labruzzo-appointed-as-senior-vice-president-people-culture-arcera-genmed-at-arcera-life-sciences/
Croda,leadership_change,https://www.cosmeticsandtoiletries.com/news/people/news/21844999/croda-names-sandra-breene-to-succeed-kevin-gallagher-as-president
FDC Limited,leadership_change,https://www.cxodigitalpulse.com/vishal-shah-appointed-as-chief-financial-officer-of-fdc-limited/
Axol Bioscience,leadership_change,https://www.technologynetworks.com/cell-science/news/axol-bioscience-appoints-chief-business-officer-187633
Solara Active Pharma Sciences,leadership_change,https://hrtoday.in/solara-active-pharma-sciences-appoints-vishal-mathur-as-chief-business-officer/
Mubadala Bio,leadership_change,https://gulfnews.com/business/markets/mubadala-bio-names-new-ceo-to-drive-global-life-sciences-growth-1.500278907
FotoFinder Systems,ma_expansion,https://www.fotofinder.com/fileadmin/Downloads/2026-06-Press-Release-FotoFinder_France_EN.pdf
Vienne Medical,ma_expansion,https://www.fotofinder.com/fileadmin/Downloads/2026-06-Press-Release-FotoFinder_France_EN.pdf
Cegedim,ma_expansion,https://www.cegedim.com/Communique/Cegedim_Visiodent_15022024_ENG.pdf
Visiodent,ma_expansion,https://www.cegedim.com/Communique/Cegedim_Visiodent_15022024_ENG.pdf
European Dental Group,ma_expansion,https://www.europeandentalgroup.eu/news/expanding-european-footprint-with-the-acquisition-of-fresh-in-the-netherlands/
Fresh,ma_expansion,https://www.europeandentalgroup.eu/news/expanding-european-footprint-with-the-acquisition-of-fresh-in-the-netherlands/
Dentius,ma_expansion,https://manda.be/articles/belgian-dental-group-dentius-acquires-dutch-chain-puur-mondzorg-from-5cs-capital-partners/
Puur Mondzorg,ma_expansion,https://manda.be/articles/belgian-dental-group-dentius-acquires-dutch-chain-puur-mondzorg-from-5cs-capital-partners/
Hims & Hers,ma_expansion,https://www.fiercehealthcare.com/health-tech/hims-hers-expands-diagnostics-moves-canada-it-navigates-direct-consumer-prescription
Genomate Health,ma_expansion,https://www.newswire.com/news/genomate-health-expands-global-footprint-with-acquisition-of-oncompass-22683973
Oncompass Medicine,ma_expansion,https://www.newswire.com/news/genomate-health-expands-global-footprint-with-acquisition-of-oncompass-22683973
Natera,ma_expansion,https://www.businesswire.com/news/home/20251205184980/en/Natera-Acquires-Foresight-Diagnostics
Foresight Diagnostics,ma_expansion,https://www.businesswire.com/news/home/20251205184980/en/Natera-Acquires-Foresight-Diagnostics
KVP International,ma_expansion,https://www.prnewswire.com/news-releases/kvp-international-acquires-safepath-laboratories-and-ivd-research-expanding-its-capabilities-in-diagnostics-302639781.html
SafePath Laboratories,ma_expansion,https://www.prnewswire.com/news-releases/kvp-international-acquires-safepath-laboratories-and-ivd-research-expanding-its-capabilities-in-diagnostics-302639781.html
IVD Research,ma_expansion,https://www.prnewswire.com/news-releases/kvp-international-acquires-safepath-laboratories-and-ivd-research-expanding-its-capabilities-in-diagnostics-302639781.html
4DMedical,ma_expansion,https://www.trendingtopics.eu/contextflow-medtech-giant-4dmedical-acquires-vienna-startup-for-more-than-e11-4-million/
contextflow,ma_expansion,https://www.trendingtopics.eu/contextflow-medtech-giant-4dmedical-acquires-vienna-startup-for-more-than-e11-4-million/
BCAL Diagnostics,ma_expansion,https://kalkine.com.au/news/announcements/bcal-diagnostics-acquires-102-stake-in-genetic-signatures-for-139-million-to-expand-molecular-diagnostics-platform
Genetic Signatures,ma_expansion,https://kalkine.com.au/news/announcements/bcal-diagnostics-acquires-102-stake-in-genetic-signatures-for-139-million-to-expand-molecular-diagnostics-platform
Dental Holding,ma_expansion,https://www.romania-insider.com/dental-holding-acquisition-greece-jan-2026
Memodent,ma_expansion,https://www.romania-insider.com/dental-holding-acquisition-greece-jan-2026
Waters,ma_expansion,https://www.chromatographyonline.com/view/waters-to-merge-with-bd-biosciences-in-17-5-billion-life-sciences-deal
BD Biosciences,ma_expansion,https://www.chromatographyonline.com/view/waters-to-merge-with-bd-biosciences-in-17-5-billion-life-sciences-deal
"Sonic Healthcare USA, Inc.",ma_expansion,https://www.prnewswire.com/news-releases/sonic-healthcare-usa-inc-announces-acquisition-of-cairo-diagnostics-llc-to-expand-sonics-national-hematology-oncology-testing-capabilities-302536406.html
Cairo Diagnostics LLC,ma_expansion,https://www.prnewswire.com/news-releases/sonic-healthcare-usa-inc-announces-acquisition-of-cairo-diagnostics-llc-to-expand-sonics-national-hematology-oncology-testing-capabilities-302536406.html
Lumos Diagnostics,ma_expansion,https://kalkine.com.au/news/general-news/lumos-diagnostics-asxldx-soars-1375-in-a-year-can-the-fda-clia-decision-unlock-the-next-leg-of-growth
SprintRay,ma_expansion,https://www.prnewswire.com/news-releases/sprintray-acquires-envisiontec-dental-product-portfolio-expanding-commitment-to-3d-printing-in-dentistry-302544297.html
AVS Bio,ma_expansion,https://www.businesswire.com/news/home/20250806420153/en/AVS-Bio-an-Arlington-Capital-Partners-Portfolio-Company-Expands-Antibody-Discovery-and-Protein-Production-Capabilities-With-Acquisition-of-ImmunoPrecise-Antibodies-Europe-From-ImmunoPrecise-Antibodies-Ltd.
ImmunoPrecise Antibodies Europe,ma_expansion,https://www.businesswire.com/news/home/20250806420153/en/AVS-Bio-an-Arlington-Capital-Partners-Portfolio-Company-Expands-Antibody-Discovery-and-Protein-Production-Capabilities-With-Acquisition-of-ImmunoPrecise-Antibodies-Europe-From-ImmunoPrecise-Antibodies-Ltd.
QuidelOrtho Corporation,ma_expansion,https://www.prnewswire.com/news-releases/quidelortho-corporation-completes-acquisition-of-lex-diagnostics-302746364.html
LEX Diagnostics,ma_expansion,https://www.prnewswire.com/news-releases/quidelortho-corporation-completes-acquisition-of-lex-diagnostics-302746364.html
Parkview Dental Partners,ma_expansion,https://www.prnewswire.com/news-releases/parkview-dental-partners-acquires-vip-dental-in-palm-harbor-florida-expands-access-to-comprehensive-and-emergency-dental-care-302750137.html
VIP Dental,ma_expansion,https://www.prnewswire.com/news-releases/parkview-dental-partners-acquires-vip-dental-in-palm-harbor-florida-expands-access-to-comprehensive-and-emergency-dental-care-302750137.html
DONTE GROUP,ma_expansion,https://www.otpp.com/en-ca/about-us/news-and-insights/2025/ontario-teachers-announces-agreement-to-acquire-donte-group/
RadNet,ma_expansion,https://radiologybusiness.com/topics/healthcare-management/mergers-and-acquisitions/radnet-has-allocated-over-340m-acquisitions-already-2026-leaders-discuss-why-and-whats-next
BD,ma_expansion,https://news.bd.com/2024-06-03-BD-to-Acquire-Edwards-Lifesciences-Critical-Care-Product-Group-for-4-2-Billion-to-Expand-Smart-Connected-Care-Solutions-and-Become-an-Advanced-Monitoring-Technology-Leader
Edwards Lifesciences' Critical Care Product Group,ma_expansion,https://news.bd.com/2024-06-03-BD-to-Acquire-Edwards-Lifesciences-Critical-Care-Product-Group-for-4-2-Billion-to-Expand-Smart-Connected-Care-Solutions-and-Become-an-Advanced-Monitoring-Technology-Leader
Gleamer,ma_expansion,https://www.itnonline.com/content/radnet-acquires-gleamer-expand-deephealths-global-reach
Babson Diagnostics,ma_expansion,https://investors.bd.com/news-events/press-releases/detail/863/bd-and-babson-diagnostics-launch-innovative-fingertip-blood-testing-to-health-care-organizations
Quanterix,ma_expansion,https://biopharmaapac.com/news/97/6582/quanterix-completes-acquisition-of-akoya-biosciences-expanding-leadership-in-multi-tissue-biomarker-detectio.html
Akoya Biosciences,ma_expansion,https://biopharmaapac.com/news/97/6582/quanterix-completes-acquisition-of-akoya-biosciences-expanding-leadership-in-multi-tissue-biomarker-detectio.html
Solmetex,ma_expansion,https://www.dentistrytoday.com/gtcr-announces-200m-investment-in-solmetex/
Epredia,ma_expansion,https://www.businesswire.com/news/home/20220905005010/en/Epredia-Expands-Anatomical-Pathology-Business-in-Europe-with-Acquisition-of-Microm-Microtech-France-and-Laurypath
Microm Microtech France,ma_expansion,https://www.businesswire.com/news/home/20220905005010/en/Epredia-Expands-Anatomical-Pathology-Business-in-Europe-with-Acquisition-of-Microm-Microtech-France-and-Laurypath
Laurypath,ma_expansion,https://www.businesswire.com/news/home/20220905005010/en/Epredia-Expands-Anatomical-Pathology-Business-in-Europe-with-Acquisition-of-Microm-Microtech-France-and-Laurypath
Intuitive,ma_expansion,https://www.medtechdive.com/news/intuitive-expands-in-europe-with-purchase-of-distributor-operations/813498/
Curida,pe_event,https://www.businesswire.com/news/home/20240416093461/en/Curida-Small-Molecules-and-Biologics-CDMO-Secures-Private-Equity-Investment-from-Signet-Healthcare-Partners
Diesse Diagnostica,pe_event,https://www.wsj.com/articles/archimed-to-net-a-nearly-five-times-return-on-diesse-diagnostica-sale-5d223d97
Ellab,pe_event,"https://news.cision.com/eqt/r/eqt-private-equity-to-sell-ellab--following-transformation-into-a-leading-validation---monitoring-pr,c3790986"
ADVANZ PHARMA,pe_event,https://www.whitecase.com/news/press-release/white-case-advises-advanz-pharma-acquisition-intercept-pharmaceuticals
Intercept Pharmaceuticals,pe_event,https://www.whitecase.com/news/press-release/white-case-advises-advanz-pharma-acquisition-intercept-pharmaceuticals
ATEC Pharmatechnik GmbH,pe_event,https://www.businesswire.com/news/home/20221128005602/en/AGIC-Capital-Acquires-Majority-Stake-in-ATEC-Pharmatechnik-GmbH
Swixx BioPharma AG,pe_event,https://www.businesswire.com/news/home/20251215899012/en/SK-Capital-Announces-Definitive-Agreement-to-Invest-in-Swixx-BioPharma-AG-to-Drive-the-Next-Phase-of-Growth-and-Global-Expansion
Cenexi group,pe_event,https://www.cathaycapital.com/cathay-capital-private-equity-continues-deploying-its-midcap-fund-and-supports-the-development-of-the-cenexi-group/
Sterling Pharma,pe_event,https://www.globenewswire.com/news-release/2023/05/25/2675850/0/en/gho-capital-and-partners-group-invest-in-sterling-pharma-solutions-a-leading-pharmaceutical-development-and-manufacturing-organization.html
Cruinn Diagnostics,pe_event,https://www.lawsociety.ie/gazette/top-stories/2025/september/william-fry-advises-on-sale-of-cruinn-diagnostics/
European LifeCare Group,pe_event,https://www.inflexion.com/news-and-insights/news/2025/inflexion-to-sell-european-lifecare-group/
LloydsPharmacy,pe_event,https://pharmaceutical-journal.com/article/news/lloydspharmacy-parent-company-sells-uk-businesses-to-private-equity-firm
Eurox Pharma GmbH,pe_event,https://kommunikasjon.ntb.no/pressemelding/17930500/eurox-pharma-gmbh-eurox-group-raises-44m-at-a-significant-premium-enabling-targeted-investment-portuguese-iberis-capital-becomes-a-new-institutional-investor?publisherId=17819585
Orchidia Pharmaceutical Industries,pe_event,https://innovation-village.com/spe-capital-leads-investment-in-egypts-orchidia-pharmaceutical-industries/
Laboratoires Pierre Fabre,digital_initiative,https://www.marketscreener.com/news/salesforce-laboratoires-pierre-fabre-selects-agentforce-life-sciences-for-customer-engagement-to-t-ce7f5adeda8cf024
"Merck KGaA, Darmstadt, Germany",digital_initiative,https://www.veeva.com/resources/merck-kgaa-darmstadt-germany-selects-veeva-vault-crm-worldwide/
Chiesi Group,digital_initiative,https://wageyman.com/chiesi-group-partners-with-salesforce-to-revolutionize-life-sciences-customer-engagement-via-agentforce-platform/
Italfarmaco,digital_initiative,https://www.veeva.com/eu/customer-stories/italfarmaco-accelerating-rare-disease-launch-with-vault-crm/
Tillotts Pharma AG,digital_initiative,https://aithority.com/it-and-devops/cloud/tillotts-standardizes-on-veeva-commercial-cloud-applications-to-power-digital-engagement-in-europe/
Hansa Biopharma,org_restructuring,https://nordiclifescience.org/hansa-biopharma-reorganizes/
Evotec AG,org_restructuring,https://www.webdisclosure.com/press-release/evotec-ag-nasdaq-evtcy-evotec-announces-horizon-next-inflection-in-its-strategic-transformation-to-accelerate-growth-and-promote-agility-PkmSIXhP3xs
Danaher Corp.,org_restructuring,https://www.ad-hoc-news.de/boerse/news/ueberblick/danaher-corp-stock-us2358511028-restructuring-after-spin-off-new/69369870
Revolution Medicines,hiring,https://builtin.com/job/executive-director-commercial-excellence-data-and-digital-europe/8064147
Lilly,hiring,https://www.europeanpharmaceuticalreview.com/news/lilly-bolsters-leadership-team-with-neuroscience-and-immunology-in-mind/267716.article
