Company Name,Run Date,Category,Summary,Quote,Source,URL,Event Date
Eisai,2026-09-10,other,WashU Medicine Honors CEO Haruo Naito and Eisai for Longstanding Contributions to Alzheimer’s Disease Research and Healthcare,WashU Medicine Honors CEO Haruo Naito and Eisai for Longstanding Contributions to Alzheimer’s Disease Research and Healthcare,serpapi_news,https://www.eisai.com/news/2026/news202646.html,2026-08-18
Eisai,2026-09-10,new_product,LEQEMBI IQLIK® (lecanemab-irmb) Autoinjector for Initiation of Therapy Now Available in the U.S. for Early Alzheimer’s Disease,LEQEMBI IQLIK® (lecanemab-irmb) Autoinjector for Initiation of Therapy Now Available in the U.S. for Early Alzheimer’s Disease,serpapi_news,https://investors.biogen.com/news-releases/news-release-details/leqembi-iqlikr-lecanemab-irmb-autoinjector-initiation-therapy,2026-08-24
Eisai,2026-09-10,new_product,FDA approves at-home starter dose of Eisai-Biogen Alzheimer's drug,FDA approves at-home starter dose of Eisai-Biogen Alzheimer's drug,serpapi_news,https://www.reuters.com/business/healthcare-pharmaceuticals/fda-approves-at-home-starter-dose-eisai-biogen-alzheimers-drug-2026-07-13/,2026-07-13
Eisai,2026-09-10,other,Eisai projects over $900M haul for Leqembi in fiscal 2026,Eisai projects over $900M haul for Leqembi in fiscal 2026,serpapi_news,https://firstwordpharma.com/story/7430474,2026-05-15
Eisai,2026-09-10,new_product,Is Eisai (TSE:4523) Cheap After China Approved At Home Leqembi Dosing?,Is Eisai (TSE:4523) Cheap After China Approved At Home Leqembi Dosing?,serpapi_news,https://simplywall.st/stocks/jp/pharmaceuticals-biotech/tse-4523/eisai-shares/news/is-eisai-tse4523-cheap-after-china-approved-at-home-leqembi,2026-09-03
Eisai,2026-09-10,new_product,Eisai to Showcase Alzheimer's Disease Portfolio with More Than 50 Presentations at the Alzheimer's Association International Conference® 2026 (AAIC®),Eisai to Showcase Alzheimer's Disease Portfolio with More Than 50 Presentations at the Alzheimer's Association International Conference® 2026 (AAIC®),serpapi_news,https://www.prnewswire.com/news-releases/eisai-to-showcase-alzheimers-disease-portfolio-with-more-than-50-presentations-at-the-alzheimers-association-international-conference-2026-aaic-302813154.html,2026-06-29
Eisai,2026-09-10,other,Eisai and CaringKind Launch New Initiative to Address Mealtime and Nutrition Needs for People Living with Alzheimer's Disease and Related Dementias,Eisai and CaringKind Launch New Initiative to Address Mealtime and Nutrition Needs for People Living with Alzheimer's Disease and Related Dementias,serpapi_news,https://www.easternprogress.com/eisai-and-caringkind-launch-new-initiative-to-address-mealtime-and-nutrition-needs-for-people-living/article_0b015701-febc-588f-b248-43f557686a6b.html,2026-09-04
Eisai,2026-09-10,new_product,"Biogen, Eisai win FDA nod for starter dose of subcutaneous Leqembi","Biogen, Eisai win FDA nod for starter dose of subcutaneous Leqembi",serpapi_news,https://www.biospace.com/fda/biogen-eisai-win-fda-nod-for-starter-dose-of-subcutaneous-leqembi,2026-07-14
Eisai,2026-09-10,new_product,Eisai whips up Alzheimer’s dietary guidance to expand nutrition program beyond cancer,Eisai whips up Alzheimer’s dietary guidance to expand nutrition program beyond cancer,serpapi_news,https://www.fiercepharma.com/marketing/eisai-whips-alzheimers-dietary-guidance-expand-nutrition-program-beyond-cancer,2026-06-02
Eisai,2026-09-10,new_product,"Eisai, Biogen Secure China's Nod for Self-Injection Version of Leqembi","Eisai, Biogen Secure China's Nod for Self-Injection Version of Leqembi",serpapi_news,https://www.marketscreener.com/news/eisai-biogen-secure-china-s-nod-for-self-injection-version-of-leqembi-ce785bdadc8ef72d,2026-09-04
Eisai,2026-09-10,new_product,Eisai to Present Lecanemab SC Formulation and Etalanetug Tau Data at AAIC 2026,Eisai to Present Lecanemab SC Formulation and Etalanetug Tau Data at AAIC 2026,serpapi_news,https://www.biopharminternational.com/view/eisai-to-present-lecanemab-sc-formulation-and-etalanetug-tau-data-at-aaic-2026,2026-06-29
Eisai,2026-09-10,new_product,LEQEMBI® (lecanemab) Subcutaneous Formulation as an Initiation Treatment for Early Alzheimer’s Disease Approved in China,LEQEMBI® (lecanemab) Subcutaneous Formulation as an Initiation Treatment for Early Alzheimer’s Disease Approved in China,serpapi_news,https://investors.biogen.com/news-releases/news-release-details/leqembir-lecanemab-subcutaneous-formulation-initiation-treatment,2026-09-03
Eisai,2026-09-10,other,"[unconfirmed] Have Fun Exploring Sleep with Pokémon! Eisai Launches Awareness Campaign on Importance of Sleep Through ""Pokémon Sleep"" Collaboration","Have Fun Exploring Sleep with Pokémon! Eisai Launches Awareness Campaign on Importance of Sleep Through ""Pokémon Sleep"" Collaboration",serpapi_news,https://www.eisai.com/news/2026/news202613.html,2026-03-12
Eisai,2026-09-10,new_product,"Eisai (TSE:4523) Launches At Home LEQEMBI, Is The Stock 8% Overvalued?","Eisai (TSE:4523) Launches At Home LEQEMBI, Is The Stock 8% Overvalued?",serpapi_news,https://finance.yahoo.com/healthcare/articles/eisai-tse-4523-launches-home-221910220.html,2026-08-30
Eisai,2026-09-10,new_product,Eisai Deepens Body of Clinical Evidence for LENVIMA (Lenvatinib) Across Established Indications at ASCO 2026,Eisai Deepens Body of Clinical Evidence for LENVIMA (Lenvatinib) Across Established Indications at ASCO 2026,serpapi_news,https://www.prnewswire.com/news-releases/eisai-deepens-body-of-clinical-evidence-for-lenvima-lenvatinib-across-established-indications-at-asco-2026-302776712.html,2026-05-20
Eisai,2026-09-10,other,Eisai's slow push toward blockbuster Leqembi sales gains steam with $900M forecast,Eisai's slow push toward blockbuster Leqembi sales gains steam with $900M forecast,serpapi_news,https://www.fiercepharma.com/pharma/eisais-slow-walk-blockbuster-leqembi-sales-inches-closer-900m-26-sales-forecast,2026-05-15
Eisai,2026-09-10,tech_platform,"Eisai Established the Global Capability Centre in Visakhapatnam, India, to Standardize Global IT Infrastructure Operations and Digital Transformation","Eisai Established the Global Capability Centre in Visakhapatnam, India, to Standardize Global IT Infrastructure Operations and Digital Transformation",serpapi_news,https://www.eisai.com/news/2026/news202614.html,2026-03-17
Eisai,2026-09-10,new_product,LEQEMBI® Real-World LEADER Study Presented at AAIC® 2026 Finds Over 75% of Early Alzheimer’s Patients Enrolled in the Study Remained Stable and Nearly 7% Improved Over an Average of 17 Months of Treat,LEQEMBI® Real-World LEADER Study Presented at AAIC® 2026 Finds Over 75% of Early Alzheimer’s Patients Enrolled in the Study Remained Stable and Nearly 7% Improved Over an Average of 17 Months of Treatment,serpapi_news,https://investors.biogen.com/news-releases/news-release-details/leqembir-real-world-leader-study-presented-aaicr-2026-finds-over,2026-07-14
Eisai,2026-09-10,ma_activity,"Tortugas debuts with $106M and brain drugs from Hansoh, Eisai","Tortugas debuts with $106M and brain drugs from Hansoh, Eisai",serpapi_news,https://www.biopharmadive.com/news/tortugas-biotech-startup-jonas-robichaud-hansoh-eisai/818076/,2026-04-21
Eisai,2026-09-10,ma_activity,Eisai and CORE Biomedicine agree on global licence for oncology pipeline,Eisai and CORE Biomedicine agree on global licence for oncology pipeline,serpapi_news,https://www.pharmaceutical-technology.com/news/eisai-core-biomedicine-oncology-pipeline/,2026-07-29
Eisai,2026-09-10,other,"Lilly, Biogen, Eisai and Genentech sponsor new ‘Let’s Talk Alzheimer’s’ podcast","Lilly, Biogen, Eisai and Genentech sponsor new ‘Let’s Talk Alzheimer’s’ podcast",serpapi_news,https://www.fiercepharma.com/marketing/eli-lilly-biogen-eisai-and-genentech-sponsor-new-lets-talk-alzheimers-podcast,2026-06-12
Eisai,2026-09-10,ma_activity,"Tortugas takes neuro deep dive with $106M to develop Eisai, Hansoh programs","Tortugas takes neuro deep dive with $106M to develop Eisai, Hansoh programs",serpapi_news,https://www.biospace.com/drug-development/tortugas-takes-neuro-deep-dive-with-106m-to-develop-eisai-hansoh-programs,2026-04-21
Eisai,2026-09-10,new_product,"Eisai, Biogen Win China Approval for Leqembi Self-Injection","Eisai, Biogen Win China Approval for Leqembi Self-Injection",serpapi_news,https://jp.ibtimes.com/eisai-biogen-win-china-approval-leqembi-self-injection-104134,2026-09-03
Eisai,2026-09-10,new_product,"Eisai, Alzheon Drill Down on Promising Results in High-Risk Alzheimer’s Subset","Eisai, Alzheon Drill Down on Promising Results in High-Risk Alzheimer’s Subset",serpapi_news,https://www.biospace.com/drug-development/eisai-alzheon-drill-down-on-promising-results-in-high-risk-alzheimers-subset,2026-03-27
